,dataset,r2_test,mse_test,symbolic_model
15,195_auto_price,0.8473797410364268,6095118.464540994,"If(highway-mpg>-2.05,0.11*Sub(Mul(0.66*Add(2.35*Atan(4237.12*horsepower),Square(-0.94*peak-rpm)),Ceil(0.86*Ceil(1.44*wheel-base))),Floor(1.00*Add(-6.05*curb-weight,1.94))),1.56*width)"
61,195_auto_price,0.47319938911004766,21175794.51252898,"If(curb-weight>2.18,3.58,0.18*Sub(Sub(Sub(Atan(9.81*horsepower),If(highway-mpg>-1.72,-1.53*curb-weight,11.34)),Sinh(-1.22*width)),4.95*Sin(0.44*Log1p(Cos(-1.49*normalized-losses)))))"
77,nikuradse_1,0.9855474801275915,0.0003625310113789655,"Add(1.16*Sinh(0.47*Sub(If(r_k>-0.74,Logabs(0.26),-3.48),1.05*Log1p(4.17*Atan(0.31*r_k)))),Div(Abs(Add(1.12*Sinh(-0.02*log_Re),0.09*Atan(0.74*r_k))),Sqrtabs(0.05*Logistic(Sub(1.00,-2.03*log_Re)))))"
88,nikuradse_1,0.9945837891576196,0.0001280733886416625,"0.77*Sub(Sub(0.69*Sinh(0.47*Add(0.93*Exp(-2.58*r_k),-2.48)),Sqrtabs(0.23)),Mul(Tanh(Sub(If(r_k>-0.71,0.67*r_k,0.32*log_Re),Sub(0.05,-0.25*log_Re))),Log1p(Tanh(Sub(1.65*log_Re,-1.11)))))"
93,nikuradse_1,0.9839048527329847,0.0003719698795953144,"1.71*Sub(1.40*Sub(1.25*Exp(Add(0.35*Sinh(-1.87*r_k),0.25*Log1p(0.47*log_Re))),Exp(0.45)),If(r_k>-0.72,1.46*Add(0.91*Log1p(Log1p(0.26*log_Re)),Sub(Log1p(-0.10*log_Re),Sin(0.56*r_k))),Atan(Sub(Sinh(0.52*log_Re),-0.47))))"
96,nikuradse_1,0.9578070064440235,0.0010245220801825812,"1.03*Atan(0.43*Sinh(2.84*Sub(If(r_k>-0.75,If(log_Re>-2.00,-0.97,1.34*r_k),23.89*Log1p(0.03*log_Re)),Sub(0.51*Log1p(1.18*r_k),Asin(0.51)))))"
104,nikuradse_1,0.9918719396630508,0.00021949337813460224,"1.09*Sub(0.84*Sinh(0.21*Add(Sub(Log(0.01),Sqrtabs(1.66*r_k)),1.32*Pow(0.02*Log1p(0.00),1.08*Sin(0.10*r_k)))),Tanh(Mul(1.15*Mul(Add(5.43,-3.56*log_Re),Asin(0.00*log_Re)),1.19*Sub(0.88*Add(122.01*r_k,-42.51),If(r_k>-0.71,48.53*log_Re,119.89*r_k)))))"
124,nikuradse_1,0.9899307663362366,0.00022780408967786012,"-0.74*Add(Pow(1.06*Cos(Log1p(Sub(-0.21,-0.26*log_Re))),If(r_k>-0.73,3.99*Sub(0.74*Sub(1.41*r_k,0.61),Atan(1.05*log_Re)),Tanh(Div(-331.15,-600.07*r_k)))),Sinh(1.11*Log1p(0.96*Tan(Sin(r_k)))))"
167,522_pm10,0.0060348116997798185,0.6957952165562682,"0.61*Sub(0.34*Sub(1.09*Sub(3.76*Add(2.25*Exp(0.26*cars_per_hour),1.17*Atan(-1005.42)),1.18*Tanh(-1980.70*Tan(-2.42*day))),1.77*wind_speed),If(temperature_diff_2m_25m>-3.50,1.20*Cos(0.57*Add(76.56*Log1p(0.02*wind_speed),1.55*Sub(0.76*cars_per_hour,0.43*hour_of_day))),Log1p(-0.86)))"
294,230_machine_cpu,0.928397910790416,3713.7176295391055,"Add(Add(Sub(0.00*Add(269.58*Sinh(0.39*MMAX),Sinh(CHMIN)),-0.39*MMIN),0.16*Logabs(Sub(Sinh(MMIN),Abs(0.48*CHMAX)))),Log1p(If(CHMAX>5.21,53.67,0.21*CACH)))"
429,603_fri_c0_250_50,0.9171495199603668,0.10988462790912852,"656.59*Add(If(oz21>-1.68,0.92*Sub(0.24*Add(Log1p(0.06*oz2),0.15*Abs(0.03*oz3)),-0.02*Sub(0.05*Add(oz4,-215.56*oz1),-0.02*oz5)),Tanh(0.32)),Sinh(Sub(Sin(59.45*Log1p(0.00*oz1)),Tanh(Sinh(0.01*oz2)))))"
438,603_fri_c0_250_50,-1.8312361005900915,2.4946535428414918,"104.94*Add(0.25*Sub(Sin(0.27*Sub(Add(oz1,oz2),Log1p(-0.05*oz5))),Sub(-0.02*oz4,2.82*Log1p(0.36*Sin(-0.23*oz1)))),If(oz3>-1.83,Log1p(Add(-0.06*oz2,0.00)),-0.06*oz39))"
571,1191_BNG_pbc,0.32513811146907456,821655.4500230725,"1.38*Add(1.43*Add(Sub(Sin(0.26*Cos(1.63*D)),-0.02*Z1),Sin(Add(Add(0.47*Z10,0.05*Z6),-0.04))),0.14*Sub(Sub(Add(0.87*Tanh(17.80*Z5),If(Z13>-1.69,-2.97*Z10,3.48)),-0.39*Z15),1.76*Add(-0.21*Z17,Sin(1.69*Atan(1.05*Z8)))))"
645,637_fri_c1_500_50,0.8879423076104793,0.11635235047709867,"Sub(0.49*Sub(2.25*Sin(Sub(Add(-1.25*oz2,-1.44*oz1),-0.77)),Add(1.25*Add(-0.31*oz5,Sin(1.57*oz2)),Sinh(0.05*oz24))),0.31*Sub(2.54*Sub(-3.02*Log1p(If(oz27>-1.83,0.16*oz4,-0.29*oz18)),Tanh(Square(-0.77*oz1))),Atan(Sub(Floor(oz2),0.46*oz1))))"
801,584_fri_c4_500_25,0.9150481096025861,0.09482695414172723,"0.93*Add(Add(1.12*Sin(Sub(Add(-1.52*oz2,-1.34*oz1),-0.60)),If(oz5>3.09,Cosh(0.38*oz4),0.38*oz4)),0.23*Add(2.41*Sin(36.73*Add(Atan(-0.03*oz2),Atan(-0.01))),Square(Log1p(Mul(0.44*oz3,2.90*oz3)))))"
1012,666_rmftsa_ladata,0.6440992380247824,3.721554429603435,"Add(0.21*Sub(If(Total_Mortality>3.30,9.59*Total_Mortality,Ceil(Sub(4.61*Total_Mortality,0.64*Ozone))),0.71*Atan(9340.61*Cos(Logabs(5.01*Total_Mortality)))),Add(-0.49*Cardiovascular_Mortality,-0.04))"
1077,1196_BNG_pharynx,0.46079661172969355,94098.42963679932,"Add(0.20*Sqrtabs(Abs(Log(Square(2.24*N)))),If(Age>2.91,-0.75,Add(0.23*Sub(1.73*Log1p(1.37*Status),Floor(0.14*T)),0.14*Add(Atan(-175515.48*Condition),Sin(1.80*Inst)))))"
1144,620_fri_c1_1000_25,0.9229102635914921,0.07594303903825823,"0.79*Sub(1.61*Sin(1.16*Add(1.81*Sin(0.83*Add(-1.00*oz1,0.53)),Sinh(-0.96*oz2))),0.72*Add(Sub(Add(1.63*Tan(-0.36*oz4),If(oz16>-1.74,-0.38*oz5,0.89)),Add(Sqrtabs(-0.77*oz1),0.73*Exp(-0.77*oz2))),1.67))"
1234,601_fri_c1_250_5,0.9253551513065206,0.08641237875478615,"1.42*Add(0.84*Sin(6.79*Sub(Add(0.89*Log1p(-0.25*oz2),Sinh(-1.24)),0.77*Logistic(Sub(1.43*oz1,1.71)))),Add(Tan(Asin(1.00*Add(0.26*oz4,0.13*oz5))),If(oz3>1.45,0.28,Sub(-0.15,0.26*Log1p(0.45*oz2)))))"
1236,601_fri_c1_250_5,0.9086759339259284,0.08881245960711225,"4.59*Add(0.34*Tan(0.66*Cos(Sub(Sub(6748.90,1.60*oz2),1.24*Exp(0.70*oz1)))),Sub(Sub(0.75*Logistic(Sub(0.48*oz4,0.20*oz1)),If(oz1>2.10,-0.53*oz2,-0.39*oz2)),Sin(Add(Add(0.46,-0.05*oz5),0.53*oz2))))"
1307,678_visualizing_environmental,0.18242376101368563,11.35649951238588,"Mul(Tan(Sub(Sin(Add(-0.33*ozone,-0.10)),-0.08*radiation)),Sqrtabs(If(temperature>-2.08,Tan(1.85*Cos(-5.75*temperature)),Abs(237.72*ozone))))"
1378,665_sleuth_case2002,0.1978010949242578,53.299056251190194,"If(YR>-1.26,Div(Cos(Sinh(Sub(1.22*YR,1.09))),2.27),-1.53)"
1407,595_fri_c0_1000_10,0.8410668286507085,0.1494946846265541,"Sub(Sinh(0.78*Sin(0.87*Add(oz2,If(oz4>1.64,oz2,oz1)))),300.93*Add(0.40*Sub(Tan(Sub(-0.00*oz5,0.09*oz1)),2.50*Cos(0.04*Abs(oz2))),Sqrt(Exp(Add(-0.00*oz4,0.08*oz1)))))"
1444,595_fri_c0_1000_10,0.6843454525464157,0.315049722103876,"90.61*Add(Sub(Tanh(0.15*Add(20.59*Log1p(0.04*oz1),Sub(oz2,0.10*oz4))),Sub(Add(0.19,Sin(0.12*oz1)),If(oz8>1.68,-0.04,0.02*oz4))),Sin(0.28*Add(Sqrt(Logistic(0.07*oz5)),-0.51*oz2)))"
1622,561_cpu,0.9797821831023007,986.0483661153612,"1.86*Sub(Atan(2.12*Add(0.13*MMAX,Cos(Add(-0.08*MMIN,2.05)))),0.03*Sub(Sinh(Sub(Sub(-0.12*CACH,3.67),Sub(0.26*MMAX,-0.03*CHMIN))),If(CHMAX>5.21,4.85,-3.67*MMAX)))"
1625,561_cpu,0.9755545093560362,169.3441391985719,"Add(0.26*Add(-5.90,Sinh(2.24*Add(Atan(0.29*MMAX),Logistic(0.38*CACH)))),Add(Exp(If(CHMAX>5.02,0.68,0.16*MMIN)),0.03*CHMIN))"
1632,561_cpu,0.8817699609002848,3542.749358282707,"1.43*Sub(0.18*Sinh(Sub(4.45*Sub(Logistic(0.13*CACH),Atan(-0.05*MMAX)),Mul(Tanh(-0.02),If(vendor>-1.95,CHMAX,-1.93)))),Sin(Add(Square(1.11*Exp(-0.03*CHMIN)),Sub(Sin(-0.22*MMIN),0.54*Tan(0.33*MMAX)))))"
1678,644_fri_c4_250_25,0.7966962872612318,0.17729826424198494,"1.98*Sinh(0.51*Add(Sin(Sub(Add(-1.40*oz2,-0.95*oz1),Add(0.32*oz5,-0.44))),If(oz3>3.00,Sinh(0.75*oz4),Sub(Sin(0.37*oz4),0.16*oz2))))"
1729,644_fri_c4_250_25,0.8959672257295492,0.07426174134319548,"0.71*Add(1.77*Sin(2.40*Sub(1.49*Sin(15.77*Add(0.06,-0.03*oz1)),0.81*Sinh(Sub(0.46*oz2,-0.93)))),Sub(0.44*Add(Floor(1.00*Floor(oz4)),0.03*oz11),Add(Cos(If(oz5>3.17,1.94*oz1,-0.78*oz5)),-0.62)))"
1735,644_fri_c4_250_25,0.9199962929978951,0.07069755586060719,"0.57*Add(14.46*Tan(0.13*Sin(0.96*Sub(0.91*Add(-1.59*oz2,0.50),0.93*Add(1.08*oz1,0.06*oz23)))),Add(1.05*Sub(Sin(0.61*Tan(0.71*oz4)),Mul(Log1p(0.01*oz2),-46.18*oz5)),Sin(If(oz16>1.76,Ceil(-2.53),Mul(-1.73*oz1,1.17*oz2)))))"
1737,644_fri_c4_250_25,0.9432702326832074,0.05960286101914691,"1.70*Add(0.43*Log1p(0.82*Atan(2.56*Sin(0.90*Sub(-1.21*oz2,0.79*oz1)))),4.13*Add(Sinh(0.63*Add(0.56*Sub(0.15*oz4,-0.20),0.15*Log1p(0.48*oz2))),Sub(If(oz3>2.62,Asin(0.05*oz5),Square(-0.16*oz3)),-0.03*oz1)))"
2004,621_fri_c0_100_10,0.5639624917100651,0.35631546565594635,"Add(Sub(Add(0.70*Log1p(0.52*oz2),0.25),1.52*Atan(Sub(-0.55*oz4,Log1p(0.39*oz1)))),If(oz3>1.67,oz5,If(oz2>1.59,308.18*oz5,Log1p(0.28*oz5))))"
2009,621_fri_c0_100_10,0.8073413790043048,0.1722682077848579,"Sub(0.11*Add(Sub(7.99*Sin(Sub(0.89*oz2,-0.79*oz1)),-3.19*oz5),Logabs(Div(23.83*oz4,Tan(1.07*oz1)))),Sinh(Add(If(oz2>-1.59,0.23*Square(oz2),1.14),Atan(-0.62*oz4))))"
2050,690_visualizing_galaxy,0.9683024557794967,276.2417064345913,"12.96*Add(1.06*Tanh(0.89*Sub(Sub(-0.19*Tanh(northsouth),Sub(-0.17*northsouth,0.79*eastwest)),0.01*Sin(0.81*Exp(1.45*radialposition)))),Sub(Sin(Add(1.31*Sin(-0.52*eastwest),-0.12*northsouth)),Mul(If(radialposition>-1.87,0.01*radialposition,-0.01),Atan(Exp(0.56*northsouth)))))"
2108,1089_USCrime,0.49074193660352994,595.0220723924964,"0.25*Sub(0.64*Sub(Add(-4.82*W,Exp(Tanh(-0.47*Age))),Sub(0.60*N,Exp(Atan(11.93*Ex0)))),Add(Logabs(9.18*Sub(0.87*Sinh(1.21*NW),1.11*Tan(0.53*Age))),0.69*Sub(-1.77*Atan(9.95*Sinh(NW)),If(LF>-1.19,3.99*Sin(-0.99*Ex0),Sinh(2.85)))))"
2135,1089_USCrime,-2.0854519661395856,3910.5318193349813,"Sub(0.00*Mul(Add(-0.00*Ceil(Square(Age)),-0.00*LF),Ceil(Floor(-0.00*Exp(-37.78*NW)))),Add(1.39*Sin(0.43*Sub(Add(Ed,W),-0.34*Sinh(Ex1))),0.48*Tanh(If(Ed>-1.01,-0.85*R,If(Age>0.84,-0.56*U2,0.11)))))"
2210,582_fri_c1_500_25,0.8696277458739538,0.1074108376218317,"0.70*Sub(2.06*Tan(0.77*Cos(0.74*Sub(Cosh(0.94*oz1),Add(-1.74*oz2,-1.39*oz1)))),Sub(Add(Add(Tanh(-0.66*oz4),-0.05*oz6),If(oz21>-1.74,Logabs(1.33),-0.70*oz22)),Atan(0.91*Log1p(0.49*Atan(0.89*oz5)))))"
2306,1096_FacultySalaries,0.8789180849512205,4.055427759487292,"0.50*Add(0.70*Sub(Sub(If(assoc_prof_salary>0.71,0.57*Sinh(2.24),Sub(2.71*assoc_prof_salary,2.18*average_salary)),Mul(Sqrtabs(-5.76),-0.65*average_salary)),0.07*Sinh(2.55*Div(-0.05,Sin(0.87*average_salary)))),0.32*Logabs(-5.87*Logistic(Sub(0.41*Add(111.86*average_salary,-61.68*full_prof_salary),19.02*assoc_prof_salary))))"
2761,503_wind,0.7659693547978915,10.603076991873975,"3.01*Sub(Add(Sub(1.34*Sub(Sub(0.04*MUL,0.01*ROS),Exp(-0.05*DUB)),Exp(-0.10*BEL)),Abs(Add(Sqrtabs(0.00*BIR),0.11*month))),Sub(28.51*Tanh(1.38*Sub(Sinh(-0.00*CLO),0.00*year)),Sub(Log1p(Add(8.51,-0.38*VAL)),If(CLA>4.16,Logabs(-0.25*BIR),0.06*BIR))))"
2811,649_fri_c0_500_5,0.817203304156902,0.17370402899365872,"0.94*Sub(Sin(Sinh(0.65*Sub(If(oz2>-1.80,oz1,0.46*oz4),-0.89*oz2))),Sub(Sub(Add(Tan(-0.53*oz4),0.72),Cos(0.72*oz2)),0.29*oz5))"
2837,649_fri_c0_500_5,0.9545076109493431,0.04454239621771279,"Sub(8.18*Sinh(Sub(0.56*Add(0.12*oz4,-0.31*oz2),Sub(Add(0.25,0.15*oz1),Mul(-0.07*oz2,0.34*oz2)))),Sub(1.56*Add(If(oz2>-1.81,-0.18*oz5,0.68*oz3),Add(-0.12*Square(-1.33*oz3),-1.67)),5.12*Sin(Sub(1.53*Exp(-0.26*oz1),0.41*Sub(oz2,4.07)))))"
2902,617_fri_c3_500_5,0.9060083983791971,0.09276461553978117,"Sub(Add(1.37*Sin(Add(1.02*Add(-1.51*oz2,-1.25*oz1),Tanh(0.74))),0.69*Sub(0.77*Sub(Tan(0.56*oz4),Mul(-0.31*oz5,1.06*oz3)),If(oz3>3.22,-1.17,Sinh(-0.90)))),Logistic(Add(Add(Sinh(2.05*oz2),8.09*oz1),10.68)))"
2944,616_fri_c4_500_50,0.8650677488739182,0.14568666864241708,"0.21*Add(1.16*Add(48.55*Tanh(0.03*Log1p(0.93*Sin(-1.81*oz2))),2.31*Add(Sin(Square(0.57*oz3)),If(oz5>3.38,-0.73*oz4,0.13*Ceil(5.41*oz4)))),0.13*Add(28.88*Cos(0.91*Sub(0.51*Ceil(3.24*oz1),Sub(-1.55*oz2,0.75))),Cosh(1.46*oz5)))"
3154,197_cpu_act,0.9756290014242401,7.837977964746339,"If(freeswap>-2.02,0.02*Add(Sub(-5.68*pflt,Add(Add(8.48*vflt,1.77*lread),Ceil(3.70*ppgin))),1.61*Add(Sub(Sub(6.20,1.40*wchar),1.30*swrite),Add(Add(-4.41*scall,-2.64*exec),-0.79*pgfree))),-4.52)"
3169,197_cpu_act,0.953678800122299,13.302670083004188,"If(freemem>-0.65,0.51*Sub(Sub(Add(Add(-0.32*vflt,-0.10*swrite),-0.17*pflt),0.74*Sinh(Sub(0.12*wchar,-0.15*exec))),0.59*Sub(-8.70*Cos(3.01*Logistic(0.02*lread)),Sub(Sub(-0.33*scall,0.16*ppgin),0.10*ppgout))),-4.53)"
3177,197_cpu_act,0.9649699304857291,10.757112919017644,"If(freemem>-0.67,Add(Add(Add(Sub(-0.19*vflt,0.02),-0.03*pgout),Add(Add(-0.07*pgin,-0.04*rchar),0.32*Logistic(-0.71*wchar))),Add(0.34*Sub(Sinh(-0.40*scall),Add(0.18*exec,0.08*lread)),-0.09*pflt)),-4.84)"
3182,197_cpu_act,0.9780602844896097,7.5692365367568195,"If(freeswap>-2.03,Add(0.38*Add(Sub(2.39*Tan(-0.15*vflt),Add(0.08*sread,0.18*ppgin)),Add(1.98*Logistic(-0.20*pgout),Tanh(-0.35*pflt))),Sub(-0.13*scall,Add(Sub(0.08*exec,-0.05*wchar),0.21))),-4.58)"
3185,197_cpu_act,0.979568448251976,6.974818050353527,"If(freeswap>-2.03,Sub(1.00*Add(1.02*Add(Add(-0.03*wchar,-0.06*ppgin),Add(-0.09*exec,-0.02*rchar)),Sub(0.37*Sin(-0.32*pflt),-0.16)),Add(33.62*Sin(0.00*Sub(scall,-1.10*vflt)),0.50*Sub(0.41*Tanh(0.31*swrite),Sub(-0.06*ppgout,0.06*lread)))),Tan(1.43*freeswap))"
3186,197_cpu_act,0.9803471837569468,7.207051333611752,"0.83*Sub(Sub(Sub(Add(If(freeswap>-2.04,-0.21*vflt,-40.32),Atan(-0.09*exec)),Exp(0.78*Logistic(0.67*scall))),Add(Sub(Logistic(0.42*ppgin),-0.04*lread),Asin(Abs(0.14*freeswap)))),If(freeswap>-2.04,Sub(Sub(Sub(-1.27,-0.06*wchar),Exp(-0.14*pflt)),0.05*freemem),55.17*freemem))"
3189,197_cpu_act,0.969057142746067,10.397903423604951,"0.90*Add(Sub(Sub(Asin(0.59),0.04*pgout),Exp(Sub(0.06*exec,-0.03*lread))),3.03*Atan(0.38*Sub(5.87*Add(0.57*Add(-0.02*pgin,-0.04*scall),If(freemem>-0.67,-0.03*vflt,-11.78)),Sub(Atan(0.05*wchar),Logistic(-0.53*pflt)))))"
3193,197_cpu_act,0.9780877591747713,7.02946585118994,"Add(0.17*Add(Add(Add(If(freeswap>-2.02,-0.78*vflt,8.94*freeswap),Add(-0.47*exec,-0.19*lread)),1.00),If(freeswap>-2.02,Add(Add(-0.75*scall,-0.33*pgin),-0.22*rchar),vflt)),Atan(Add(Add(-0.05*swrite,-0.11*pflt),-0.04*pgout)))"
3195,197_cpu_act,0.9807399136195282,6.903171687199124,"0.25*Add(If(freeswap>-2.04,0.87*Sub(1.14*Add(Sub(-0.59*vflt,0.63*pflt),Sin(-0.18*wchar)),2.92*Sin(Sub(0.20*scall,-0.12*ppgin))),5.97*freeswap),Sub(-0.32*Add(Sinh(Sub(0.14*lwrite,1.43)),exec),Sub(0.11*pgout,Tanh(1.02*Sub(0.19*pflt,0.24*swrite)))))"
3211,197_cpu_act,0.9786602313240711,7.400246451464109,"If(freeswap>-2.04,0.37*Add(1.28*Add(0.63*Sub(Add(-0.43*vflt,-0.25),Add(0.03*pgfree,0.10*pgout)),Add(Tanh(-0.16*ppgin),0.93*Sin(-0.30*pflt))),0.65*Add(Add(-0.50*scall,Sub(-0.36*exec,0.14*wchar)),0.93*Mul(Exp(-0.07*sread),Exp(-0.24*swrite)))),-4.58)"
3569,215_2dplanes,0.9298741684765389,1.359277924675194,"Sub(If(x1>-0.02,Sub(0.38*x3,Sinh(-0.52*x2)),Sub(4.92*Atan(Sub(0.08*x6,-0.11*x5)),-0.19*x7)),-0.68*x1)"
3580,215_2dplanes,0.9295271305740767,1.3452975328438928,"Add(Div(Sin(0.16*Add(Tanh(x1),If(x1>-0.02,0.64*x2,0.63*x5))),0.18),If(x1>-0.02,Sub(0.37*x3,-0.19*x4),Tan(0.34*x6)))"
3585,215_2dplanes,0.9482633911974279,1.018384762514009,"If(x1>-0.01,0.42*Add(Add(1.11*Atan(8.50*x2),Acos(-0.72*x3)),0.46*x4),Sub(Add(Add(-0.69,0.52*Atan(x6)),0.56*x5),-0.19*x7))"
3593,215_2dplanes,0.9476461947312861,0.9962716910857625,"Add(If(x1>-0.02,Sub(Sinh(Add(-0.11,0.35*x3)),-0.55*x2),Sub(-0.18*x4,0.69)),Add(If(x1>-0.02,Exp(-0.23),Add(0.55*x5,Sub(0.37*x6,-0.18*x7))),0.18*x4))"
3596,215_2dplanes,0.9293665366873174,1.3373077873494081,"If(x1>-0.01,Sub(Sub(0.68*x1,Sub(Sub(-0.55*x2,0.37*x3),0.19*x4)),-0.00*x8),Sub(Atan(Sub(If(x5>-0.61,-0.78,3.76*x1),-0.63*x5)),-0.38*x6))"
3597,215_2dplanes,0.9481329707778074,1.0032883554139034,"Sub(Sub(Add(0.68*x1,0.19*x7),If(x1>-0.01,Sin(-0.62*x2),Add(Atan(-0.67*x5),-0.38*x6))),If(x1>-0.01,Sub(-0.37*x3,Sub(Tan(0.18*x4),0.18*x7)),0.01))"
3610,215_2dplanes,0.9490330184203813,0.9851504619531759,"If(x1>0.00,Sub(0.68,Sub(Add(Sin(-0.61*x2),-0.18*x4),0.37*x3)),Sub(Add(Add(Sinh(-0.63),Atan(0.66*x5)),0.19*x7),-0.37*x6))"
3611,215_2dplanes,0.9484384769079822,0.9925485259571302,"If(x1>-0.01,Add(Sub(Acos(0.78),-0.37*x3),Add(0.69*Tanh(2.48*x2),0.19*x4)),Add(Add(-0.68,Sub(Tanh(0.67*x5),-0.37*x6)),Tan(0.19*x7)))"
3617,215_2dplanes,0.9494192954045549,0.9958302806171101,"Add(0.68*x1,If(x1>-0.02,Sub(Tanh(Tanh(x2)),3.12*Sinh(Sub(-0.12*x3,0.06*x4))),Sub(Add(0.38*x6,0.56*x5),-0.19*x7)))"
3635,215_2dplanes,0.9485465349117933,0.9893126137456705,"If(x1>-0.02,Sub(Abs(Div(Logistic(1.35*x3),0.75)),Add(-0.56*x2,-0.18*x4)),Add(Add(0.69*Floor(Log1p(0.57*x5)),0.37*x6),0.19*x7))"
3704,596_fri_c2_250_5,0.9254194519472239,0.06527201701153608,"0.80*Add(-1.63*Sin(1.86*Sub(1.41*Log1p(0.77*Tanh(-0.87*oz2)),Add(Exp(0.54*oz1),0.40))),Sub(Add(Add(-0.50,If(oz5>-1.70,-0.12*oz1,-0.43*oz2)),Square(0.35*oz2)),Add(Log1p(Log1p(-0.24*oz4)),Atan(Tanh(-0.24*oz5)))))"
3726,588_fri_c4_1000_100,0.8858914838983026,0.11916041154020027,"1.65*Sub(46.50*Asin(0.01*Log1p(-0.90*Sin(0.98*Add(1.18*oz2,0.92*oz1)))),Sub(0.32*Sub(1.87*Add(Sinh(-0.51*oz5),-0.24*oz4),If(oz3>3.14,-1.40*oz95,-0.29*oz3)),Add(Add(0.19,-0.01*oz47),0.00*oz55)))"
3777,573_cpu_act,0.9764693108704204,7.567725315793331,"0.00*Sub(Add(Add(Floor(Sinh(3.71*freeswap)),Sub(Square(44.50),Add(-85.12*exec,374.45*lread))),-859.34*ppgin),If(freeswap>-2.02,Sub(Sub(Sub(2021.12*vflt,-211.20*rchar),Add(-1706.04*scall,-1205.05*pflt)),Sub(95.34*Ceil(-5.87*wchar),863.85*exec)),-881.32*ppgin))"
3786,573_cpu_act,0.9542416742223028,13.14102210172588,"Add(If(freemem>-0.65,Add(Add(Sub(-0.06*fork,0.20*vflt),0.82*Logistic(-0.63*scall)),0.33*Sub(Atan(-0.16*wchar),Sub(0.15*ppgin,-0.13*exec))),0.95*Tan(-1.35)),1.70*Add(Asin(Sub(Sub(-0.16,0.02*lread),Sqrtabs(-0.00*swrite))),Add(0.04*Exp(Sinh(-0.81*rchar)),0.01*freemem)))"
3790,573_cpu_act,0.9704223760511274,9.939136350473653,"If(freemem>-0.67,Add(Sub(Add(Sub(-0.15*vflt,0.11*pflt),-0.02*sread),0.03*pgout),1.00*Add(Sub(Add(0.17,-0.13*scall),1.02*Add(0.06*ppgin,0.07*exec)),12.40*Add(0.07*Sinh(-0.03*lread),1.56*Tan(-0.00*wchar)))),-4.56)"
3792,573_cpu_act,0.9786631464127573,7.399235551344516,"0.08*Sub(If(freeswap>-2.04,Sub(1.72*Sub(0.09*Sub(-83.25*runqsz,11.92*vflt),0.86*scall),Sub(1.02*Sub(0.96*exec,-1.31*pflt),-0.37*lread)),Sub(17.38*freeswap,-1.22*pgin)),Add(1.81*Add(Add(0.37*Log1p(1.01*wchar),Sin(0.28*sread)),0.42*ppgin),0.36*pgout))"
3803,573_cpu_act,0.9579333735457312,12.917914727698548,"If(freemem>-0.67,-0.41*Sub(2.06*Add(5.13*Sin(Sub(0.24*runqsz,-0.02*pgin)),Sub(0.49*Tan(0.29*scall),Add(-0.04*ppgout,-0.12*pflt))),Sub(Add(Sub(-0.40*vflt,0.08*rchar),0.75*Sub(-0.12*wchar,0.09*lread)),Sub(Tan(0.15*exec),-0.09*swrite))),7.19*freemem)"
3807,573_cpu_act,0.9804031635167768,7.186522519942088,"If(freeswap>-2.04,Add(Sub(Sub(Sqrtabs(-0.03),0.18*vflt),0.04*wchar),Add(Sub(Add(-0.13*scall,-0.07*ppgin),Sub(0.07*exec,-0.02*sread)),Sub(Atan(-0.10*pflt),0.03*lread))),-4.63)"
3812,573_cpu_act,0.9781345300435728,7.0144617159354565,"Sub(If(freeswap>-2.02,Exp(Add(-1.82,Tanh(-0.25*sread))),-4.02),If(freeswap>-2.02,Sub(0.63*Add(Sub(0.21*scall,-0.12*ppgin),0.26*Add(vflt,0.61*pflt)),-0.66*Tanh(Add(0.13*exec,0.07*wchar))),Add(Sub(0.50,0.00*vflt),-0.00*swrite)))"
3823,573_cpu_act,0.9794342040874858,7.020645632770552,"0.25*Add(Add(Add(Sub(0.65,0.12*lread),Atan(If(freeswap>-2.03,-0.18*pgout,0.62*pflt))),If(freeswap>-2.03,0.50*Sub(-1.19*vflt,Add(0.34*wchar,scall)),-23.30)),Add(2.80*Atan(Sub(If(freeswap>-2.03,-0.09*pgin,573.50*runqsz),Sinh(0.13*exec))),Add(Atan(-0.22*swrite),-0.40*pflt)))"
3835,573_cpu_act,0.9798033718242378,7.238845612923658,"If(freeswap>-2.04,Add(Sub(Add(Add(-0.16*vflt,-0.07*exec),Atan(-0.15*scall)),-0.65*Pow(-0.00*runqsz,0.00*ppgin)),Sub(Sub(Sin(-0.06*wchar),Logistic(0.51*pflt)),0.03*ppgout)),-4.61)"
3845,573_cpu_act,0.9795907978739735,7.041206999480657,"If(freeswap>-2.03,Sub(Add(Add(Add(-0.15*vflt,-0.08*exec),-0.06*ppgin),0.15*Add(Exp(-0.39*wchar),Sub(-0.82*scall,0.20*lread))),Sub(Log1p(Sub(0.05*swrite,-0.11*pflt)),-0.03*ppgout)),-4.58)"
3894,608_fri_c3_1000_10,0.9115194366607093,0.09187981332865888,"1.02*Add(1.12*Sin(Add(Add(0.69*Add(-1.51*oz1,0.66*oz3),Add(-1.70*oz2,-0.52*oz5)),Asin(0.48))),Add(Sub(Exp(Tanh(0.38*oz4)),Sin(0.54*Log1p(0.57*oz2))),1.41*Add(Log1p(Square(0.39*oz5)),Tan(If(oz3>3.27,-0.33,-0.73)))))"
4052,225_puma8NH,0.6737997934351604,10.256712965246443,"5.67*Add(4.18*Sin(1.08*Sub(1.10*Add(4.17*Tanh(0.14*theta2),1.06*theta3),If(theta2>-1.74,0.11*Sqrtabs(-0.00),Logabs(1.02)))),4.02*Sub(0.02*Cos(Sub(Add(1.25*theta2,0.06*theta3),Acos(0.90))),Sub(Sin(1.00*Add(1.27*theta3,0.65*theta2)),-0.01)))"
4114,228_elusage,0.630930324719994,200.89043436780335,"Sub(0.58*Atan(Add(Sinh(Add(-7.42*average_temperature,-6.80)),1.12*month)),Add(-0.08,If(average_temperature>-1.40,Atan(Floor(0.38*average_temperature)),-1.41)))"
4280,605_fri_c2_250_25,0.9176716972225191,0.07992315867196512,"0.67*Add(1.34*Sub(1.31*Sin(Sub(Add(-1.50*oz2,-1.23*oz1),-0.48)),If(oz4>-1.63,1.61*Tan(Sub(-0.25*oz4,-0.19*oz2)),1.25)),Add(Sub(0.53*Sub(Sub(0.62*oz5,0.08*oz10),Sin(0.97*oz3)),0.34),0.75*Atan(1.75*Square(0.34*Tan(1.14*oz2)))))"
4324,605_fri_c2_250_25,0.9195519519562826,0.09623930529868417,"0.56*Add(Sub(-0.53*Sub(-1.17*oz4,Add(Cos(-4.05*oz1),Cos(-3.05*oz2))),0.76*Sub(2.63*Sin(Add(1.40*oz2,0.88*oz1)),If(oz4>-1.69,0.37*Tan(0.78*oz5),0.73*Floor(1.46*oz4)))),Sub(Sinh(Sin(0.28*Sinh(-1.46*oz3))),Asin(0.11*oz20)))"
4384,1199_BNG_echoMonths,0.4439020493130714,137.41138431350635,"Sub(-0.08*Add(Add(3.75*Add(Logistic(1.36*pericardial),Logabs(-1.03*alive_at_1)),Log1p(0.90*Sin(1.11*age))),Add(1.97*Log1p(0.85*Sin(0.83*epss)),Cos(0.41*Exp(-3.03*wall_index)))),If(wall_index>-0.98,Add(Sin(0.52*still_alive),0.05*wall_index),1.23*age))"
4601,207_autoPrice,0.3398612997116407,26363627.008692294,"0.17*Add(Tan(-0.19*Sub(Sub(-4.37*Tanh(24151.87*horsepower),Sqrtabs(-2.50*peak-rpm)),0.59*wheel-base)),If(highway-mpg>-2.05,Floor(3.62*curb-weight),23.06))"
4692,633_fri_c0_500_25,0.8276634529133808,0.183995900688082,"Sub(0.88*Sin(0.68*Sub(Sinh(Sub(oz2,0.10*oz4)),Sinh(If(oz4>-1.72,-0.92*oz1,8.40*oz11)))),2.89*Add(Exp(Logistic(Atan(-0.23*oz5))),-1.75*Sub(Log1p(0.13*oz4),Tanh(Logabs(0.15*oz1)))))"
4705,633_fri_c0_500_25,0.7286083560652481,0.2245554991506735,"3.58*Tanh(0.18*Add(Add(oz4,If(oz23>-1.67,Atan(0.50*oz5),2.17)),Atan(Sub(2.46*Log1p(0.58*oz1),Sub(-1.72*oz2,0.54)))))"
4736,633_fri_c0_500_25,0.7444316568715399,0.2685873656129668,"Sub(8.12*Tanh(1.66*Add(Add(Log1p(0.18*oz2),Sin(0.00*oz4)),1.08*Sub(Log1p(0.19*oz1),-0.03))),Sub(-0.87*Sinh(Sub(Sub(0.29*oz5,-0.55*oz4),Mul(0.02,0.76*oz8))),Sub(If(oz18>1.79,Sin(886.18*oz21),-2.04*oz1),1.73*oz2)))"
4744,633_fri_c0_500_25,0.8934423102137036,0.1048801966967724,"6.06*Sub(Sub(Add(If(oz7>-1.73,0.04*oz5,0.15*oz5),Log1p(0.35*Tan(0.26*oz4))),Sinh(0.14*Sin(Sub(-0.87*oz1,0.92*oz2)))),Tanh(0.01*Logabs(-0.01*Sinh(Mul(oz1,6.65*oz2)))))"
4777,648_fri_c1_250_50,0.8852616276899326,0.11685422252147544,"2.14*Add(Sub(1.02*Sub(0.28*Asin(Sinh(0.49*oz4)),If(oz7>-1.62,Atan(-1.87),Log1p(-0.91*oz1))),Sinh(Add(Sin(-0.06*oz5),Cos(0.46*oz1)))),0.26*Sinh(1.60*Sin(0.41*Sub(Add(-5.45*oz2,1.27),Sinh(0.83*oz3)))))"
4836,1203_BNG_pwLinear,0.5967932794279089,8.077939833473364,"1.28*Cos(Add(Sub(Add(If(a1>-0.08,-2.67*a1,0.32*a2),If(a1>-0.08,0.27*a5,1.41*a1)),Logistic(If(a1>-0.08,-1.48*a6,-2.01*a3))),Add(Mul(Logistic(0.37*a2),0.10*a7),Exp(Atan(0.10*a5)))))"
4842,1203_BNG_pwLinear,0.597204813026756,8.079439093252189,"1.72*Atan(Add(If(a1>-0.08,0.63*Sin(Add(0.65*a5,0.41*a6)),Sub(Add(0.23*a3,0.51),0.80*Log1p(-0.26*a2))),Sub(Logabs(Sub(-1.34*a1,-0.11*a5)),Sub(Logistic(-0.18*a7),0.03*a4))))"
4843,1203_BNG_pwLinear,0.5945724110859029,8.104441070863123,"1.50*Sin(Add(Add(If(a1>-0.07,Sub(-1.02*a1,-0.18*a6),If(a2>-0.48,0.27*a2,0.21*a1)),Add(If(a1>-0.07,0.18*a5,0.25*a3),If(a1>-0.07,0.06*a7,0.21*a1))),Add(Tanh(Logabs(2.13)),Add(Add(0.04*a6,0.09*a5),0.03*a4))))"
4851,1203_BNG_pwLinear,0.5966882233975808,8.04521363915969,"1.41*Tanh(If(a1>-0.08,0.29*Sub(Sub(Sin(0.07),-0.26*a7),2.78*Add(-0.43*a5,Logistic(-2.03*a6))),Add(0.46*Pow(1.56*Sqrtabs(0.24*a2),-2.04*a3),Add(Asin(0.24*a2),Sub(0.09*a5,-0.04*a7)))))"
4859,1203_BNG_pwLinear,0.5970941444606739,8.006775204270152,"3.14*Sub(If(a1>-0.09,0.24*Sub(Logabs(Sub(-17.21*a1,1.70*a7)),Sub(0.72*Sin(-1.56*a5),0.38*a6)),Sub(Logistic(Add(1.67*a2,0.67*a3)),Sub(Atan(-0.04*a5),Logistic(-0.92*a2)))),Atan(1.03))"
4866,1203_BNG_pwLinear,0.6032736580277895,7.950999263932401,"Sub(Add(Sub(Add(Asin(-0.49*a1),0.06*a6),-0.05*a7),0.10*a5),Tanh(Tanh(If(a1>-0.06,Sub(-0.33*a5,0.29*a6),Sub(-0.48*a2,0.46*a3)))))"
4869,1203_BNG_pwLinear,0.5958915882943469,8.056070948892314,"Sub(0.52*Tan(0.41*Add(Logistic(Add(18.60*a5,0.65*a6)),Floor(If(a1>-0.08,-2.94*a1,0.94*a3)))),Sinh(Add(Sub(-0.55*Pow(0.51,-0.05*a6),Add(0.06*a7,-0.02*a3)),Atan(If(a1>-0.08,-0.18*a6,-0.25*a2)))))"
4886,1203_BNG_pwLinear,0.5992967761699246,7.969254163643697,"0.91*Sub(Atan(2.21*Add(1.50*Sinh(0.60*Add(-0.34*a1,0.04*a7)),Sub(Sub(0.11*a5,-0.03*a4),0.07*Log1p(-0.68*a6)))),0.65*Tanh(If(a1>-0.09,1.13*Atan(1.00*Sub(-0.53*a6,0.56*a5)),16.90*Atan(Sub(-0.06*a3,0.06*a2)))))"
4888,1203_BNG_pwLinear,0.5996811530405821,7.976789312308826,"2.29*Sub(Sin(0.19*Sub(Sub(If(a1>-0.08,-4.88*a1,4.25*a2),Log1p(-0.33*a5)),Atan(If(a1>-0.08,-2.34*a6,-3.09*a3)))),Add(If(a1>-0.08,Add(Log1p(-0.12*a5),-0.53),Sinh(Sub(0.48*a2,0.24))),-0.03*a7))"
4896,1203_BNG_pwLinear,0.598988492725399,8.09085383429727,"1.77*Atan(0.33*Add(Sub(1.01*Add(If(a1>-0.10,0.75*a5,0.23*a5),Asin(-0.81*a1)),Div(-0.04*a3,1.47*a2)),Tanh(Sub(If(a1>-0.10,a6,1.02*a3),If(a1>-0.10,0.03*a2,-1.00*a2)))))"
4904,218_house_8L,0.5641823577556673,1127751381.8574433,"1.44*Sub(Sinh(Add(0.45*Sub(1.78*Atan(1.02*P6p4),If(H15p1>4.36,0.39,0.16)),0.10*Log1p(0.00*Exp(5.60*H15p1)))),0.14*Log1p(1.00*Sin(1.31*Atan(1.15*Sub(-0.78*P11p3,0.64*H15p1)))))"
4923,218_house_8L,0.598156607935673,1052658656.4332683,"-2.67*Add(3.80*Sin(0.30*Sub(Add(-1.23*Tanh(0.62*P6p4),Atan(0.57*P11p3)),If(H15p1>4.49,Sqrtabs(7.35),Abs(3.41)))),0.46*Sub(2.82*Log(18.79*Logistic(0.99*Sub(3.42,1.13*H15p1))),0.99*Sub(Sinh(1.93*Logistic(1.37*P11p3)),0.12*Abs(0.20*Cosh(1.83*H40p4)))))"
4933,218_house_8L,0.6043128255300891,1159593670.8996603,"-0.11*Sub(3.48*Add(1.52*Sub(-2.45*Atan(0.61*Log1p(1.58*P6p4)),Sin(Add(0.61*P11p3,-0.41))),Add(Atan(Mul(-0.74*P11p3,1.89*P6p4)),If(H15p1>4.50,Abs(-4.83*P11p3),0.23*H40p4))),Exp(Add(Sub(Sub(0.81*H15p1,-0.33*H40p4),0.13*H5p2),Cos(Tan(0.60*H40p4)))))"
5068,574_house_16H,-0.6110154374699706,4460526824.6777315,"If(P16p2>-3.74,0.03*Add(2.29*Sub(1.24*Add(17.81*Atan(0.36*P27p4),-2.47*Floor(0.29*P14p9)),-23.78*Log1p(0.07*Exp(-1.69*H13p1))),0.00*Sinh(1.32*Sub(Sub(-0.20*P27p4,2.61*H10p1),11.54*Cosh(0.22*H40p4)))),2.46*Sqrtabs(Logabs(Abs(105.14*Sqrt(1450.50)))))"
5178,618_fri_c3_1000_50,0.922276486680222,0.0816185829647988,"0.07*Add(16.55*Sin(1.93*Sub(1.74*Tanh(0.39*Sinh(-1.12*oz2)),Sin(Sub(0.79*oz1,0.41)))),Add(Add(0.75*Logabs(-0.00*Sinh(8.30*oz5)),Abs(-6.92*oz2)),If(oz3>3.05,6.71*oz4,Add(4.82*oz4,-5.10*oz2))))"
5222,618_fri_c3_1000_50,0.9380363079696464,0.0617353848976182,"Sub(0.32*Sub(4.41*Add(Exp(-1.33*Sin(0.31*oz3)),If(oz3>3.12,Logistic(25.25*oz1),0.15*oz3)),Sub(Add(Sub(-1.22*oz4,23.85),Exp(-0.80*oz2)),-3.72*Log1p(0.79*Sin(-0.45*oz5)))),7.84*Cosh(0.35*Exp(0.89*Sin(Add(1.14*oz2,0.83*oz1)))))"
5282,1028_SWD,0.4027009203293669,0.3907196091720666,"0.27*Add(Add(Tan(1.20*Sin(If(In3>-0.69,1.84*In10,-0.59))),Sub(Sub(0.86*In3,If(In3>-0.69,-0.61*In8,-0.64*In1)),-0.28*In7)),Sub(Sub(0.41*In5,If(In3>-0.69,-0.56*In4,Sub(-0.11*In6,0.81*In2))),-0.37*In9))"
5297,1028_SWD,0.4242768106294955,0.354102001961465,"0.37*Sub(Add(Sub(Log1p(Sinh(0.64*In3)),Add(Sub(-0.37*In8,0.41*In5),-0.26*In7)),Logistic(9.40*In9)),Tanh(If(In3>-0.70,Tanh(-3.95*In10),Sinh(-0.61*In2))))"
5311,1028_SWD,0.35855376654701976,0.39390956617854134,"Sub(0.86*Atan(Add(0.84*Add(Log1p(0.74*In3),Logistic(86.56*In10)),Sub(If(In3>-0.67,0.31*In5,In5),-0.18*In8))),-0.19*In4)"
5382,615_fri_c4_250_10,0.843931351854815,0.16264585362478767,"Add(Sub(Sin(Add(-1.57*oz2,Sub(0.31,1.37*oz1))),0.10),If(oz5>2.92,1.74*oz4,If(oz7>-1.55,Sub(0.46*oz4,0.20*oz1),-0.85)))"
5687,591_fri_c1_100_10,0.7336514802465517,0.21143636074779198,"0.42*Sub(1.02*Sub(2.32*Sin(1.01*Sub(1.02*Add(-1.07*oz1,-0.22),If(oz8>1.50,-14.50*oz2,1.61*oz2))),Add(Tanh(Add(-3.76*oz4,-3.96)),-0.15*oz8)),0.48*Sub(Exp(Atan(13.42*Tan(-0.15*oz5))),Add(Exp(1.71*Sin(-1.20*oz1)),-0.96)))"
5719,591_fri_c1_100_10,0.7429624744701511,0.2563774883968481,"0.63*Add(3.10*Atan(0.56*Log1p(0.86*Sin(1.01*Sub(-1.05*oz1,1.25*oz2)))),0.97*Tan(0.45*Add(Sinh(0.73*oz4),If(oz6>-1.96,0.77*Add(0.90,-0.57*oz1),1.05*oz2))))"
5755,712_chscase_geyser1,0.656052933960696,57.69361066415409,"0.63*Sub(Tanh(0.05*Add(Sinh(Sub(3.56*col_2,-0.91)),-6.85*col_1)),If(col_2>-0.32,0.75*Logabs(Cos(-6.03*Add(-0.52,1.01*col_1))),Sub(1.27,0.13*col_1)))"
6321,626_fri_c2_500_50,0.8950098349050531,0.1063696168862671,"Sub(1.35*Sin(1.04*Sub(0.90*Sin(Cos(1.16*oz2)),1.42*Sub(0.87*oz2,0.95*Sin(-0.78*oz1)))),Sub(Logabs(7.82*Sin(0.75*Logistic(-0.71*oz4))),Add(If(oz12>-1.85,1.03*Logistic(0.99*oz5),-0.35*oz35),Atan(0.08*Exp(-1.68*oz3)))))"
6436,344_mv,0.9991723094587158,0.08960726416840109,"0.95*Sub(0.99*Exp(0.90*Mul(Log1p(Add(-0.19,0.31*x1)),0.48*Sub(Add(1.90,-0.48*x8),0.07*Exp(1.52*x6)))),1.23*Exp(0.74*Sinh(0.99*Sub(If(x6>-2.41,-2.46*x8,-1.39*x4),1.63*Exp(0.82*x6)))))"
6489,527_analcatdata_election2000,0.934024436108298,250270624.14816174,"0.56*Add(If(Browne00>3.18,-0.92*Nader00,1.13*Sub(-1.13*Bush00,Add(Tanh(0.00*Phillips00),0.01*Browne00))),Add(Add(1.00*Add(0.92*Add(3.33*Total00,-0.01*Buchanan00),1.00*Sub(-0.04*Nader00,0.00*Hagelin00)),Add(-0.00*McReynolds00,Log1p(-0.00))),Tanh(0.01*Add(-0.03*Harris00,-0.07*Moorehead00))))"
6498,527_analcatdata_election2000,0.9999476002092994,132629.45867044784,"Add(0.70*Sub(Add(Sub(2.46*Total00,0.00*Hagelin00),Add(1.00*Add(-1.04*Bush00,-0.00*Phillips00),If(Browne00>2.77,-0.00*Harris00,-0.00*Harris00))),Add(Tanh(1.13*Tan(0.01*Buchanan00)),0.00*McReynolds00)),Sin(Sub(0.99*Add(Add(-0.03*Nader00,-0.00*Moorehead00),Atan(0.00*Perot96)),Add(0.00*Browne00,0.00))))"
6505,527_analcatdata_election2000,0.9999999963580036,46.46909214468563,"Sub(0.59*Add(Sub(Add(3.14*Total00,-0.00*Moorehead00),Log1p(If(Buchanan00>4.03,-0.02*Total00,-0.03*Nader00))),Sub(Sub(Abs(4.21),Add(0.05*Harris00,0.00*McReynolds00)),1.40*Bush00)),Sub(Sub(Square(Acos(-0.02*Nader00)),2.00*Sinh(-0.00*Phillips00)),Log1p(Sub(0.59*Sub(-0.02*Buchanan00,0.00*Hagelin00),0.01*Browne00))))"
6582,653_fri_c0_250_25,0.8746617319083506,0.10412270480965466,"Add(0.86*Sin(11.78*Tanh(Add(-0.41*Sin(0.57*oz1),1.13*Exp(-0.18*oz2)))),Add(0.43*Add(3.28*Add(Tan(0.34*oz4),If(oz4>-1.89,0.01*oz1,0.14*oz12)),Tanh(Mul(-0.88*oz1,oz1))),Add(Tanh(Log1p(0.29*oz5)),Tanh(Square(0.67*oz3)))))"
6669,nikuradse_2,0.9704702349640663,0.001143422028390424,"0.98*Add(2.93*Add(0.48*Sinh(1.97*Sin(0.93*Pow(0.89,5.03*log_v_k_nu))),-0.50),0.36*Sub(0.07*Exp(3.09*Tanh(0.41*Sinh(2.86*log_v_k_nu))),If(log_v_k_nu>-2.00,If(log_v_k_nu>-1.90,1.27*Sub(-1.58*log_v_k_nu,-3.44),Cosh(2.78)),8.29)))"
6839,485_analcatdata_vehicle,0.04326941445525645,33755.97976373041,"Atan(Add(If(Alcohol-related>-1.00,Add(Add(1.62,0.75*Age),0.66*Gender),-1.75),-1.15*Type))"
6845,485_analcatdata_vehicle,0.7593562139304877,20878.05935631471,"Div(Tanh(2.82*Logabs(Add(If(Alcohol-related>-1.00,1.13*Gender,-0.84),Log1p(0.07*Type)))),0.60)"
6850,485_analcatdata_vehicle,0.5596989868785924,25418.504103996675,"0.99*Atan(0.93*Add(-0.52*Type,Add(0.50*Exp(Add(-1.79*Alcohol-related,0.70*Gender)),Add(If(Age>-0.54,-1.00,-1.68),-0.27*Age))))"
6955,557_analcatdata_apnea1,0.864101774031203,1328962.5422567038,"0.00*Add(7.28*Sub(-0.02*Tan(1.02*Pow(1.00*Abs(2.41*Scorer_2),1.01*Scorer_1)),If(Subject>1.55,Sub(0.95*Square(5.18),-7.11*Scorer_2),29.71)),0.02*Sinh(0.38*Add(Cosh(Exp(-0.87*Scorer_1)),5.45*Exp(Sin(2.97*Scorer_2)))))"
6971,562_cpu_small,0.9695773938892047,10.495847204952973,"If(freeswap>-2.03,Sub(0.55*Add(1.40*Sub(3.17*Sub(0.16,0.02*rchar),Sub(0.30*fork,-0.05*lread)),-0.28*scall),0.10*Sub(Acos(-0.52*Exp(-0.97*freemem)),0.96*Sub(-0.49*wchar,Log1p(1.32*exec)))),-4.58)"
6974,562_cpu_small,0.9669727407166006,10.621925469920033,"If(freeswap>-2.02,Add(Add(Cosh(Sub(0.65,0.13*rchar)),0.17*Sub(-1.61*fork,Atan(0.29*wchar))),-2.10*Logistic(0.21*Add(0.51*Add(2.89*scall,lread),-0.76*Tanh(freemem)))),-4.52)"
6980,562_cpu_small,0.9661000276697855,10.410080121568944,"If(freemem>-0.67,0.04*Sub(Add(2.49*Add(-2.44*fork,Sub(-1.63*scall,-2.32)),1.22*Sub(2.96*Atan(-1.27*rchar),1.54*exec)),Sub(Add(1.45*Exp(-1.53*freemem),Sub(0.82*lread,-0.99*swrite)),Log1p(Sin(-0.72*wchar)))),1.48*freeswap)"
6998,562_cpu_small,0.9720992517610215,10.231720600123852,"0.32*Sub(0.68*Sub(Sub(If(freeswap>-2.04,Add(-0.95*fork,-0.62*scall),-19.02),0.17*lread),Add(Logistic(0.05*Sinh(6.36*rchar)),Asin(Tanh(0.58*exec)))),Sin(Add(1.09*Tanh(40.56*Add(-1.41,-2.12*freemem)),0.67*Atan(Sub(swrite,0.76*freeswap)))))"
7001,562_cpu_small,0.9592856253543605,13.681481708158081,"If(freemem>-0.67,Sub(0.18*Add(Pow(1.00*Sinh(0.76),Sinh(1.21*wchar)),Add(Sub(-0.84*scall,0.31*exec),-1.35*fork)),0.03*Sub(4.45*Add(Atan(0.79*rchar),Log1p(0.82*lread)),0.99*Add(0.99*Log1p(1.50*freemem),Tanh(-0.46*swrite)))),Tan(-4.50))"
7011,562_cpu_small,0.9719089430515769,10.068355102834257,"1.21*Sub(If(freeswap>-2.04,0.85*Sub(1.31*Add(Exp(-0.23*fork),Mul(-0.05,exec)),0.21*Sub(Sin(0.35*wchar),-0.18*lread)),-0.28*Sub(Square(freeswap),0.55*scall)),Exp(Add(0.67*Tanh(Sub(0.19*scall,-0.06*rchar)),-0.04*freemem)))"
7015,562_cpu_small,0.9707779370445685,10.133683779539812,"If(freeswap>-2.04,Sub(Add(1.01*Sub(0.56*Sub(0.21,0.40*fork),0.15*scall),Sub(0.16*Tanh(-0.75*rchar),0.04*wchar)),Sub(Add(0.15*Log1p(exec),0.04*lread),0.04*freemem)),-4.58)"
7017,562_cpu_small,0.9442255725241204,16.0174781685058,"0.33*Add(Sub(0.07*freemem,0.17*Sub(If(freemem>-0.65,Sub(4.68*fork,-0.86*lread),86.57),Ceil(Floor(0.05*freeswap)))),If(freemem>-0.65,Sub(Add(1.17*Sin(-0.36*scall),-0.12*wchar),Log1p(-0.80*Logistic(-1.26*rchar))),Sqrtabs(-1.42)))"
7027,562_cpu_small,0.9685434370162347,10.091292673070374,"If(freeswap>-2.02,Add(0.13*Add(-0.29*lread,Add(Add(-1.80*fork,-0.42*rchar),Exp(-1.15*exec))),Sub(Add(Tanh(-0.16*scall),0.03*freemem),Sin(0.04*wchar))),-4.52)"
7033,562_cpu_small,0.970207975867389,10.170247969383837,"If(freeswap>-2.03,Add(0.44*Add(Sub(-0.09*lread,Sub(0.54*fork,-0.46*scall)),If(exec>9.80,Add(0.69,0.50*runqsz),Sub(0.78*runqsz,-0.05*freeswap))),0.17*Add(0.65*Sub(Tanh(-0.98*rchar),Add(-0.28*freemem,0.44*wchar)),Exp(Sub(-0.73*exec,-0.23*scall)))),-4.57)"
7204,650_fri_c0_500_50,0.8263515334693784,0.1588202762425345,"Sub(Add(0.27*Add(oz5,0.65*Log1p(Tanh(2.31*oz1))),-0.23),1.18*Sub(If(oz31>-1.67,-0.52*oz4,oz21),0.72*Sin(Add(0.55*Sinh(oz2),0.89))))"
7280,556_analcatdata_apnea2,0.957368049733387,465711.2039391284,"0.77*Add(0.00*Tan(1.00*Sub(1.00*Div(6.41*Abs(-0.60),Tan(-9.81*Automatic)),1.00*Mul(1.00*Abs(0.27*Scorer_1),1.00))),0.34*Tanh(1.77*Sub(0.58*Sin(0.52*Add(-1.73,5.65*Scorer_1)),If(Automatic>1.03,Atan(76.70),Abs(0.87)))))"
7287,556_analcatdata_apnea2,0.9278463641987734,542793.8382262168,"0.28*Add(2.52*Sinh(-0.01*Tan(1.00*Div(1.00*Add(0.00,11.08*Automatic),Add(1.00*Scorer_1,0.00)))),0.23*Add(0.42*Add(-13.37,If(Subject>-1.36,-0.11*Tan(-1.13*Scorer_1),0.54*Automatic)),17.50*Tan(0.25*Sin(2.95*Exp(-2.11*Automatic)))))"
7385,229_pwLinear,0.8907044692957895,2.2405885235337495,"Sub(Sinh(-0.78*Add(Sub(If(a1>-0.09,-0.54*a5,-0.12*a3),Sub(0.13*a2,-1.26)),Sub(1.86*Sin(a1),0.04*a5))),4.21*Tanh(Add(Sub(Acos(0.09*a6),Sub(1.65*a1,-0.05*a7)),-0.02*a4)))"
7390,229_pwLinear,0.9002747075593504,1.7188323867016597,"0.61*Add(Sub(0.03*Mul(Sub(Add(a1,-2.90*a3),-35.80*a6),0.96*Sub(Log1p(0.91*a1),-0.12*a10)),Tanh(Sub(Add(1.75*a1,-0.08*a6),a7))),If(a1>-0.09,Sin(a5),0.31*Add(1.14*Tan(a2),Add(27.52*a6,a5))))"
7394,229_pwLinear,0.9054204021721144,1.8225711967891045,"0.34*Sub(Add(0.78*Sub(Sinh(Add(-1.34*a1,0.12*a2)),Sinh(If(a1>-0.08,-1.00*a6,-1.28*a3))),If(a1>-0.08,Tanh(Atan(11.80*a7)),1.49*Add(Asin(0.67*a2),-0.59*a5))),-1.39*a5)"
7402,229_pwLinear,0.8709013017454654,3.0379307484245417,"0.28*Add(2.58*Sub(Tanh(Sub(-2.29*a1,Add(-0.31*a5,-1.28*a7))),Add(-0.09*a10,2.65*Log1p(If(a1>-0.05,-0.20*a5,-0.21*a3)))),Sinh(Sub(If(a1>-0.05,Atan(3.43*a6),1.22*a2),-0.21*a5)))"
7407,229_pwLinear,0.8904277083280845,2.2624163407787266,"Add(If(a1>-0.09,Sinh(0.30*Add(a5,Exp(0.58*a7))),-0.37*a6),Add(Sub(If(a1>-0.09,-1.50,Sub(0.52*a2,-0.42*a3)),-0.38*a6),Sub(Sin(0.77),-0.21*a5)))"
7414,229_pwLinear,0.8913450442242905,2.3545597381858796,"-0.51*Sub(Cos(Exp(-0.72*Tan(Sin(a1)))),Add(0.51*Tanh(Add(0.07*Tan(-1.49*a1),2.19*a7)),If(a1>-0.04,Add(27.31*Sinh(0.04*a5),Add(0.77*a6,0.19*a2)),Add(Add(1.07*a2,0.90*a3),0.36*a5))))"
7431,229_pwLinear,0.9007863585215825,2.004010076723482,"0.01*Add(Add(If(a1>-0.09,Sub(49.67*a6,Sinh(-3.17*a7)),Add(Floor(59.87*a2),-32.11*a5)),Add(Tan(1.02*Sub(-1.40*a1,-0.00*a3)),-54.47)),57.04*a5)"
7450,229_pwLinear,0.8923779590382231,2.298048811356034,"11.35*Sub(Atan(0.18*Add(Sinh(1.27*Add(0.07*a7,-2.57*a1)),a5)),0.89*Add(If(a1>-0.07,-0.04*a6,0.08*Tanh(Add(-0.94*a2,-0.83*a3))),Add(-1.25*a1,0.02*a7)))"
7452,229_pwLinear,0.8430044367577927,2.978987180974091,"0.59*Sub(Add(Add(If(a1>-0.01,Add(0.63*a6,-0.75*a3),0.88*a2),-1.58),Add(0.71*a3,-2.30*a1)),1.11*Sinh(Sub(Add(Sub(-0.64*a1,0.09*a7),-0.24*a5),Ceil(0.01))))"
7453,229_pwLinear,0.9096945964176948,1.6996193756330007,"1.07*Add(If(a1>-0.05,Sub(0.30*a5,Log1p(Log1p(-0.30*a6))),Add(0.45*a2,0.42*a3)),Add(Sub(Asin(-0.58*a1),-0.16*a5),0.12*a7))"
7458,635_fri_c0_250_10,0.7508434132844308,0.25088156688857494,"0.16*Sub(Add(Sinh(Sin(0.60*Log1p(0.66*oz4))),Sub(If(oz1>-1.78,4.93*Log1p(0.31*oz5),2.41*oz1),Sub(Square(oz2),3.11*oz4))),7.15*Atan(Sin(0.46*Add(Add(-1.57*oz2,-1.04),Sinh(-1.15*oz1)))))"
7670,227_cpu_small,0.9715596887152544,10.429588352026244,"If(freeswap>-2.04,Add(Add(0.13*Tan(0.91*Sub(1.15,0.36*exec)),Sub(42.75*Tanh(-0.00*fork),0.13*Atan(0.96*rchar))),Sub(Add(1.18*Atan(-0.11*scall),Sub(-0.04*lread,-0.01*freeswap)),0.24*Logistic(Sub(1.66*swrite,0.90*freemem)))),6.87*freemem)"
7690,227_cpu_small,0.972687142180507,9.789434121499536,"If(freeswap>-2.04,0.98*Sub(1.00*Sub(Sub(1.29*Sub(-0.03*lread,0.12*scall),-0.08*Tanh(0.78*freemem)),-0.11*Add(1.17*Add(-1.82*fork,-0.40*wchar),1.32*Pow(0.14,0.36*rchar))),0.11*Log1p(0.80*Add(2.03*exec,0.00*Sinh(-39.92*runqsz)))),-4.61)"
7695,227_cpu_small,0.9426459617768842,16.47111582654425,"If(freemem>-0.65,0.51*Sub(Sub(6.13*Sub(0.25,0.02*lread),1.47*Logistic(Add(0.79*scall,-0.16*rchar))),Sub(Add(Sub(0.51*fork,0.08*freeswap),Logistic(1.34*rchar)),-0.08*wchar)),-4.53)"
7699,227_cpu_small,0.9695543142432435,9.767002382374859,"If(freeswap>-2.02,0.05*Sub(Sub(4.71*Add(1.35*Add(-0.72*fork,2.78*runqsz),Exp(-0.66*exec)),Sub(Atan(-1.49*freemem),-2.28)),Sub(3.12*Sub(6.27*Sin(0.17*scall),Exp(-0.66*rchar)),Add(Floor(-0.77*lread),-0.78*wchar))),-4.52)"
7707,227_cpu_small,0.9703289801988316,10.128940133076313,"If(freeswap>-2.03,0.36*Sub(0.42*Sub(Sub(Atan(-0.80*exec),Add(1.56*fork,-0.94)),Sub(Add(scall,0.32*wchar),0.50*Tanh(1.11*freemem))),Log1p(0.36*Sub(0.49*lread,Tanh(-0.81*rchar)))),-4.57)"
7713,227_cpu_small,0.968754584980302,10.048864992644713,"If(freeswap>-2.02,0.07*Add(Add(Exp(Sub(1.50,0.15*wchar)),Add(Tanh(1.10*freemem),-0.04*wchar)),2.13*Add(Sub(Sub(-1.56*fork,0.27*lread),scall),Add(-2.14*Logistic(1.32*rchar),Atan(-0.80*exec)))),-4.52)"
7719,227_cpu_small,0.9689422758467827,10.436502797784463,"If(freemem>-0.67,0.05*Add(Sub(2.19*Sub(1.48*Atan(-0.78*rchar),2.19*Log1p(0.77*exec)),Sub(2.59*Add(-4.73*runqsz,1.65*fork),-2.84*scall)),Add(Log1p(131.79*Exp(-1.68*swrite)),Sub(1.54*Ceil(-0.49*lread),Exp(-1.31*freemem)))),1.00*Sinh(0.71*freeswap))"
7721,227_cpu_small,0.9697312473218604,10.442767527451592,"0.34*Add(If(freeswap>-2.03,Add(Add(Log1p(0.13*freemem),Add(-0.47*scall,-0.12*lread)),Sub(-0.19*exec,Logistic(rchar))),0.00*rchar),5.42*Add(If(freeswap>-2.03,Sub(Exp(-0.15*fork),Sin(0.02*wchar)),-1.67),-0.83))"
7726,227_cpu_small,0.9709980273277159,10.057360443443816,"If(freeswap>-2.04,0.16*Sub(Add(Add(0.97*Exp(-0.10),-1.51*fork),Add(Tanh(-0.69*rchar),Tanh(-0.38*wchar))),0.45*Add(Sub(2.13*scall,2.13*Atan(-1.06*exec)),Sub(1.34*Add(0.39*lread,-0.14*freeswap),Sin(0.88*freemem)))),-4.58)"
7731,227_cpu_small,0.9552658674181908,13.737058538259184,"If(freemem>-0.67,0.08*Add(Sub(Add(Add(-0.90*exec,-1.81*scall),Floor(-0.44*swrite)),0.40*lread),Sub(Add(2.07*Exp(-0.84*rchar),-2.53*fork),Square(Ceil(-0.56*freeswap)))),7.19*freemem)"
7922,604_fri_c4_500_10,0.6029578508991338,0.40725023910164054,"Sub(Sub(Sin(Sub(If(oz5>3.52,14.75,-2.14*oz2),Sub(-0.41,-0.33*oz5))),0.38*Sinh(Sub(oz3,Logistic(oz4)))),Sub(Sub(Sinh(-0.53*oz5),-0.30),0.33*oz4))"
8022,594_fri_c2_100_5,0.9023601427077894,0.10425414306293752,"Add(-1.43*Sin(Sqrtabs(Add(0.80*Add(12.34*oz2,-19.04),Add(7.90*oz1,1.17*oz3)))),0.75*Add(Add(Cos(Cosh(-4.53)),If(oz3>-1.40,Log1p(0.29*oz5),1.37)),Square(Logistic(0.52*Sinh(2.12*oz4)))))"
8044,594_fri_c2_100_5,0.816326345776333,0.23218867173468943,"1.21*Add(0.89*Sin(Sub(Add(1.23*Tanh(-1.42*oz2),-2.64),5.20*Tanh(Add(-0.94,0.65*oz1)))),Sub(0.68*Tanh(0.56*Add(Tan(0.75*oz4),1.88*Sin(-1.92*oz2))),If(oz3>-1.42,Sub(Asin(-0.14*oz5),If(oz3>2.60,0.09*oz2,-0.14)),Sin(1.59*oz1))))"
8067,594_fri_c2_100_5,0.7702802156184654,0.2456066177464183,"0.96*Add(Cos(0.28*Sub(-4.85*oz1,0.31*Sub(Cosh(1.85*oz2),-16.20*oz2))),0.76*Add(Add(0.39*Sinh(0.91*Atan(-3.42*oz2)),0.47*Atan(Sub(2.52*oz4,6.02*oz1))),Add(1.53*Square(Abs(0.49*oz3)),If(oz5>-1.79,Add(-0.32,-0.25*oz3),Atan(-1128.51*oz1)))))"
8092,631_fri_c1_500_5,0.9447499867761816,0.056408349635915137,"Add(0.57*Sub(2.40*Cos(1.05*Add(Add(-1.82,-0.63*oz1),Mul(-1.25*oz2,0.80*oz1))),Add(If(oz3>1.70,Log1p(-0.92),-2.21),0.61*Abs(Tanh(-1.21*oz1)))),0.72*Sub(0.55*oz4,Sub(Tan(1.27*Logistic(4.49*oz2)),0.71*Add(0.77*Tanh(0.57*oz5),Exp(0.61*oz2)))))"
8309,663_rabe_266,0.9990388819043146,2.0954125856695858,"-0.15*Sub(0.52*Sinh(1.69*Cos(1.46*Logabs(-0.30*Sub(9.83,-5.09*col_1)))),-0.38*Sub(Sub(Add(-17.15*col_1,3.72*Acos(-0.14*col_2)),If(col_1>1.13,Logabs(col_1),-0.07)),9.43*Exp(1.57*Sub(1.06*Sinh(-0.50*col_2),0.51*Exp(0.50*col_1)))))"
8310,663_rabe_266,0.9993051729040315,1.6929230584238761,"0.92*Sub(0.27*Exp(1.24*Sub(Log1p(0.66*Atan(-0.56*col_1)),0.73*col_2)),Add(Acos(Sin(1.08*Add(col_1,-0.02*col_2))),If(col_1>1.12,Atan(Sub(78.52,65.01*col_1)),Atan(Sub(-2.40,0.76*col_1)))))"
8324,663_rabe_266,0.9991189285360085,1.9392784299454813,"1.63*Add(-8.52*Tanh(0.86*Sub(0.20*Log1p(0.95*Log1p(0.26*col_2)),1.05*Sub(1.15*Exp(0.20*col_1),If(col_1>-0.87,0.40,1.40)))),Add(Add(-5.13,If(col_1>-0.87,Atan(-0.56*col_1),7.56*Cosh(-0.25*col_1))),5.16*Div(Sin(0.03*col_2),Abs(-1.56))))"
8349,663_rabe_266,0.9981947498708035,2.8292461716476907,"3.13*Atan(0.57*Sub(If(col_1>0.23,Exp(0.32*Asin(0.60*col_1)),If(col_2>-1.40,Add(1.82,-0.74),1.03)),0.32*Mul(0.44*Sub(1.04*Log1p(0.50*col_2),Sub(-3.33,-0.15*col_2)),Exp(1.75*Logistic(-1.09*col_1)))))"
8413,4544_GeographicalOriginalofMusic,0.7906478549645438,0.16434971682922483,"6.56*Sub(Add(Atan(0.05*Sinh(2.10*Sin(0.49*V101))),0.02*V98),Add(Add(If(V39>5.35,V91,-0.11*V42),-0.01*V60),Sub(0.69*Add(Log1p(0.08*V43),Asin(0.05*V45)),Add(Sub(0.04*V103,-0.02*V99),Add(0.02*V71,-0.02*V40)))))"
8451,1030_ERA,0.2892747353824441,3.0077893198614967,"2.28*Sub(0.15*Sub(0.55*Exp(1.01*Sub(If(in2>-0.23,in2,0.48),Sub(-0.30*in1,0.27*in3))),Logistic(-1.57*in3)),Sub(1.24*Add(0.20*Sub(Add(-2.65,0.45*in4),1.29*Logistic(9.09*in2)),Acos(0.09*in1)),Exp(0.16*in4)))"
8486,1030_ERA,0.3864490664057991,2.5096589219587817,"0.33*Add(1.41*Sinh(Add(Sub(0.63*Add(in1,-1.31),Atan(-0.26*in3)),Log1p(Exp(in2)))),Sin(Sin(If(in2>-0.25,Sub(1.40*in2,0.35),1.53*in4))))"
